subject,hemisphere,channel,date,0.0,5.0,10.0,15.0,20.0,25.0,30.0,35.0,40.0,45.0,50.0,55.0,60.0,65.0,70.0,75.0,80.0,85.0,90.0,95.0,100.0
RCS02,L,cortical,04-21-22,1.956681959202304e-6,0.000012029445131442075,6.6533811773414275e-6,4.6095233634756545e-6,8.846272311011752e-6,0.000010650523868449512,3.569288220579017e-6,8.733297772171577e-7,5.012265097110434e-7,3.745057560633702e-7,2.866372118765227e-7,2.2261095887302938e-7,1.6711764980714256e-7,1.1695512456687451e-7,8.15305879141948e-8,6.052376356305412e-8,4.5126559379858496e-8,3.6039569227151e-8,3.706667332260411e-8,2.6676230948823938e-8,2.299629843887318e-8
RCS02,L,cortical,04-22-22,2.231773923412465e-6,0.000014727597303837098,8.381522649289471e-6,4.294672246112817e-6,7.290753128387629e-6,8.807590451252626e-6,3.1449094885348126e-6,9.488516484497713e-7,4.918715506631392e-7,3.583336853305121e-7,2.8482799881793925e-7,2.142322806811852e-7,1.7793772212708153e-7,1.2387315828412204e-7,8.02869519010699e-8,6.104845089536603e-8,4.6485659376037746e-8,3.928394781256598e-8,3.9586336406563754e-8,2.7658228082633753e-8,2.2888374923961287e-8
RCS02,L,cortical,04-26-22,2.015180286444609e-6,0.000012893666954536548,7.445248798439679e-6,5.065477291748069e-6,8.236443268665516e-6,8.294857836299886e-6,2.7772719272177192e-6,8.278670691110793e-7,5.038651617159627e-7,3.8873331675464905e-7,2.882565979407574e-7,2.073677205394579e-7,1.6341346863105663e-7,1.1415823798216076e-7,7.134983182968048e-8,5.618249863345176e-8,4.157011537551978e-8,3.792694620963053e-8,3.73282956613113e-8,2.6253862429474345e-8,2.1755012159126232e-8
RCS02,L,cortical,04-27-22,1.951362786932568e-6,0.00001318365651229435,6.934518273519787e-6,4.343780126402338e-6,6.21724096962059e-6,6.48291370437478e-6,2.5634224270683573e-6,8.563025159945776e-7,5.012836045296682e-7,3.718118307920456e-7,2.8687524997586894e-7,2.0605142303005609e-7,1.7388593882155005e-7,1.2816173776593413e-7,8.203197661686996e-8,5.83590229078306e-8,4.328334883855137e-8,3.4144572454563965e-8,3.554198337346206e-8,2.699786649644825e-8,2.1735554074862456e-8
RCS02,L,cortical,04-28-22,2.2998231366034327e-6,0.000014827747477312922,8.176924678252358e-6,4.817259076810009e-6,7.313839527507164e-6,7.24058871700384e-6,2.4277078398588535e-6,7.71898800132268e-7,4.415040021185118e-7,3.7164700461811584e-7,2.792876305305752e-7,2.0032545961006424e-7,1.507478944042327e-7,1.1823565829135608e-7,8.130949396735802e-8,5.885391545049059e-8,4.2911602073818147e-8,3.4448013258415875e-8,3.813023878744259e-8,2.7663288280924095e-8,2.223263846590604e-8
RCS02,L,cortical,04-29-22,2.468068044951414e-6,0.000016138487745565884,9.179141925255378e-6,5.450801057495286e-6,7.7940739500258e-6,7.088603239891323e-6,2.246652209752041e-6,8.119478748359605e-7,4.79367812152225e-7,3.2250350140964576e-7,2.5726466141179e-7,1.875106246491228e-7,1.442741049614727e-7,1.1209744903032835e-7,7.587095509549236e-8,5.3958195678452485e-8,3.967690398884067e-8,3.479579764865597e-8,3.757755715728541e-8,2.327017483300744e-8,1.931526381893112e-8
RCS02,L,cortical,04-30-22,2.219312753990123e-6,0.000014410904357262509,8.220580722419941e-6,5.410690926511116e-6,8.233307747529804e-6,7.002373212874617e-6,2.424965277639029e-6,7.701394115714188e-7,4.7009589558145614e-7,3.6080289782082874e-7,2.6117318536016726e-7,1.8662139820074647e-7,1.5000706858760807e-7,1.0219446564227842e-7,7.024143953909968e-8,5.4196748874459184e-8,4.0258754306095225e-8,3.123415894075992e-8,3.124880671317562e-8,2.3634749359677403e-8,2.164622920667348e-8
RCS02,L,cortical,05-03-22,2.6561656678610066e-6,0.000016813748530769872,9.216071151909152e-6,5.682344081056921e-6,7.62430670107922e-6,6.1369689478525505e-6,2.4309574123232326e-6,8.425055470286141e-7,4.408724174615279e-7,3.622133154211722e-7,2.600313990918396e-7,1.8288074142404925e-7,1.371736050976449e-7,1.1325882560148312e-7,7.381990643376615e-8,5.421554698425111e-8,4.015363107616227e-8,3.240986304043704e-8,3.557162362510813e-8,2.3902216331553608e-8,2.003379708712658e-8
RCS02,L,cortical,05-04-22,2.0628347586087004e-6,0.00001414384905597557,9.28512739620412e-6,5.921116544319575e-6,8.25888955418239e-6,6.7815495339195045e-6,2.207118071042613e-6,7.576562666829869e-7,4.903382880890441e-7,3.878962330717189e-7,2.821553499129498e-7,1.9983536238068425e-7,1.473879306369497e-7,1.0722853955316335e-7,8.663614656863693e-8,5.940796953423387e-8,4.548711302270924e-8,3.6363633241656157e-8,3.3341769542477266e-8,2.367372846203216e-8,1.976610165730416e-8
RCS02,L,cortical,05-05-22,2.5198763041032743e-6,0.000016726100545459286,9.195200869281172e-6,5.033018093325352e-6,6.3110004005473866e-6,5.886391059292543e-6,2.1711197856090213e-6,6.7217478673979e-7,3.882403804853927e-7,3.114533625059034e-7,2.5190132143989576e-7,1.7311896205917592e-7,1.3962792872228955e-7,1.1208328515571504e-7,7.839808918805159e-8,6.112381858489594e-8,4.023143178562425e-8,3.316874714982331e-8,3.379453039612534e-8,2.3167362700162034e-8,2.0742386458097797e-8
RCS02,L,cortical,05-06-22,2.3395498300509697e-6,0.00001576101937598651,9.694589223275417e-6,5.823230409473537e-6,7.322935203068691e-6,5.947663200365932e-6,1.9364215736884832e-6,7.778335464371573e-7,4.539737977641894e-7,3.5535470447806633e-7,2.625511356370579e-7,1.9301776620465567e-7,1.431175676026445e-7,1.0877739700420562e-7,7.073037708431536e-8,5.1630379925775994e-8,4.0353612772752294e-8,3.4127833518662384e-8,3.211743951373829e-8,2.154029015741122e-8,1.962805772511523e-8
RCS02,R,cortical,04-21-22,1.848902789904364e-6,0.000011320464087618199,5.656220779209885e-6,3.902035545364472e-6,6.632880203081009e-6,8.061779998110173e-6,3.0477321238308557e-6,9.450277186427329e-7,5.820379585247275e-7,5.244901328474255e-7,4.0177003893001455e-7,2.94471466822227e-7,2.5301997482173677e-7,1.8704709778735387e-7,1.1461927039473328e-7,7.967040489152733e-8,5.367646391639703e-8,4.0621412438803297e-8,4.534175020194873e-8,3.04559155722678e-8,2.4752233270510484e-8
RCS02,R,cortical,04-22-22,2.2076540614819374e-6,0.000014298647706168274,7.4079503964376646e-6,4.68823055253318e-6,6.685739909250139e-6,7.544817992676853e-6,2.726149967610288e-6,9.570593956654182e-7,6.08365905832431e-7,4.99925138810341e-7,3.654239260324905e-7,2.525471559060377e-7,2.0781900712895758e-7,1.6267391601023796e-7,1.0162829706216452e-7,7.787983641074522e-8,5.207995974893686e-8,3.96488688890337e-8,4.19992014944286e-8,2.8126399667877086e-8,2.2789853003539774e-8
RCS02,R,cortical,04-26-22,2.185251597984575e-6,0.000013848727408457087,7.275062781339162e-6,4.674321138836806e-6,8.324363902090094e-6,9.725233911181016e-6,3.1213855163210914e-6,9.315870431885491e-7,6.506435678063785e-7,5.753814411599842e-7,4.423236406367897e-7,2.8051246738736163e-7,2.4936920549888434e-7,1.740948612295757e-7,1.0702619649025455e-7,7.377105870894218e-8,5.56063359896238e-8,4.514064128698665e-8,4.382792285987271e-8,3.1018536583544e-8,2.3278628071423006e-8
RCS02,R,cortical,04-27-22,2.13266777504591e-6,0.000014559273764886309,6.652751080043868e-6,3.5828374776186954e-6,4.7274812079257725e-6,5.561645851150969e-6,2.290160101902702e-6,8.864403127473031e-7,5.508110051888732e-7,4.352728917783993e-7,4.161932039070698e-7,2.611570143478385e-7,2.1480236721098611e-7,1.7938412359221516e-7,1.0363640494497236e-7,7.101763158369368e-8,4.7925353326867974e-8,3.699398703143005e-8,4.071858330641451e-8,2.93720026958441e-8,2.2388110966250393e-8
RCS02,R,cortical,04-28-22,2.523958260238275e-6,0.00001632950954878621,7.632114763888162e-6,3.8099253155635287e-6,5.125894179360336e-6,6.220182786730741e-6,2.4685996401749025e-6,8.227257875612145e-7,5.369307652374888e-7,4.227769825074811e-7,3.3755863471819943e-7,2.491798082690458e-7,2.3434806977536362e-7,1.9039464642380824e-7,1.2235122100692078e-7,7.56917530248183e-8,5.039495029784245e-8,3.9965869220388215e-8,4.366934334737333e-8,2.7540171785943093e-8,2.4812394637916127e-8
RCS02,R,cortical,04-29-22,2.4630033669846564e-6,0.00001527769622248255,7.854874327963087e-6,4.944142330641459e-6,7.144809400255285e-6,7.666337907585655e-6,2.572289939241434e-6,8.714867656129436e-7,5.667485160121042e-7,4.936487242331592e-7,3.790678250744253e-7,2.547608125417677e-7,2.2650464438191936e-7,1.793017781454838e-7,1.0891852863003543e-7,7.283175880162172e-8,5.12807940673303e-8,3.94891200467043e-8,4.3096098995412753e-8,2.581519409617558e-8,2.2727887055817132e-8
RCS02,R,cortical,04-30-22,2.5616723503872095e-6,0.00001489319063175346,8.917368449425886e-6,6.833213744589045e-6,9.870438592998962e-6,9.120211366516945e-6,2.6504256444071907e-6,9.183808756289809e-7,6.783547854009749e-7,5.707388933452258e-7,3.9380143634600244e-7,2.42379385866479e-7,1.8794429391013752e-7,1.3915987856126133e-7,9.678686490456595e-8,6.177129837680597e-8,4.602039516315432e-8,3.6330860589717816e-8,3.938439767947921e-8,2.5338060256001124e-8,2.0541503149413482e-8
RCS02,R,cortical,05-03-22,2.4549286298186184e-6,0.00001620869362281959,9.009720030054124e-6,6.0201193747786235e-6,7.707813241642889e-6,7.5885346346763155e-6,2.298517367645615e-6,8.536314450191941e-7,5.948235555884648e-7,5.103433612262707e-7,3.6612390130481435e-7,2.609726483571657e-7,2.0985699910077293e-7,1.630695404457718e-7,1.1922290378088203e-7,6.971353781954135e-8,4.861574680901137e-8,3.9398058293920114e-8,4.2818652623100567e-8,2.719582590325105e-8,2.1664239492053153e-8
RCS02,R,cortical,05-04-22,2.882552367257943e-6,0.00001833340514332077,0.00001097432382811005,6.618435489501223e-6,9.556538582586608e-6,9.259173456671282e-6,2.5310406121321015e-6,9.522505370852601e-7,7.165804677788803e-7,6.059699052533472e-7,3.660947220839625e-7,2.4428157285610435e-7,1.9423960663909914e-7,1.4409463822872773e-7,1.026676626345522e-7,6.257812088625201e-8,4.614395328684489e-8,3.4564225120719275e-8,3.93189099196021e-8,2.6079252388492034e-8,2.02878378630618e-8
RCS02,R,cortical,05-05-22,2.210738672609301e-6,0.00001483005250955754,8.076637440000646e-6,3.8263391209860765e-6,5.564321258986657e-6,6.688733456298914e-6,2.3371677032389354e-6,9.090925593594786e-7,5.808006111297869e-7,4.913729494211067e-7,3.638267994642532e-7,2.5102183128326836e-7,2.015639032719943e-7,1.5532815152409186e-7,1.1674749892611479e-7,6.409225300951854e-8,4.845884423425167e-8,3.8955856339753804e-8,4.187231579911629e-8,2.83462823256456e-8,2.027427478115547e-8
RCS02,R,cortical,05-06-22,2.3242666058551698e-6,0.000014572625042402695,8.27632237231292e-6,5.654009372270834e-6,8.213042447535637e-6,7.935702134945315e-6,2.8416099136724437e-6,9.916818122907617e-7,7.368043590056871e-7,6.1057052835968e-7,4.0925705231627167e-7,2.616909800887383e-7,2.132647143919601e-7,1.5880998435390447e-7,9.405019444017953e-8,6.657838231790549e-8,4.9843728419181675e-8,4.061581765931297e-8,4.062231496814462e-8,2.7377179489862442e-8,2.431235626057252e-8
RCS03,L,cortical,05-18-22,1.945705490464749e-6,0.000012741370268918113,7.173680650550792e-6,1.8962363299754066e-6,1.5541861860157946e-6,1.6503060135861633e-6,9.051010948699428e-7,4.233087691605315e-7,3.341688933876549e-7,3.0123291316684493e-7,2.3061634535552671e-7,1.8554460712510855e-7,1.296611522022381e-7,9.541604021673962e-8,7.64419212504911e-8,6.265264551254879e-8,4.604147056219049e-8,4.066467109606128e-8,4.0177234518148065e-8,3.1058405805076255e-8,2.4482069667827546e-8
RCS03,L,cortical,05-19-22,2.062938515905375e-6,0.000012628112618126464,6.902430604694644e-6,1.7094488426377928e-6,1.6135939290960802e-6,1.8624982293572463e-6,8.926942055919956e-7,4.750214097504236e-7,3.5978335371950525e-7,3.066974420532504e-7,2.674930464305168e-7,1.9452104648780594e-7,1.3480701584056355e-7,9.917556414710079e-8,8.251054964514509e-8,6.463553989100928e-8,5.4304335787552605e-8,4.713762798328947e-8,4.153411070464987e-8,3.334417301345512e-8,2.7286272979995068e-8
RCS03,L,cortical,05-20-22,1.6970809712031248e-6,0.000011267928468203705,6.667382430783519e-6,2.381083859933682e-6,2.524228689627624e-6,2.3932536547512876e-6,9.290378211261392e-7,4.413500530096419e-7,3.8103286331526373e-7,3.4456858440749576e-7,2.4434501819615406e-7,1.8355987949362907e-7,1.3445067871897516e-7,9.608866599926304e-8,8.272689510410832e-8,6.536568670833987e-8,5.252413433980997e-8,4.198810695011489e-8,3.694205789969264e-8,2.9253582179870137e-8,2.7327272870145606e-8
RCS03,L,cortical,05-21-22,1.2980003796568811e-6,8.612830256218687e-6,5.180915432378393e-6,1.8225539750584433e-6,1.5650278092306708e-6,1.8215986552161301e-6,9.148846397651704e-7,4.904148429418637e-7,3.7023754517203806e-7,3.1612780844557274e-7,2.743574646368611e-7,1.9776125903654167e-7,1.3816111330276116e-7,1.0228901685707906e-7,7.44086522403591e-8,6.395444723885303e-8,5.332893429416581e-8,4.4609517259390376e-8,3.8772692264621716e-8,3.282724198277979e-8,2.7958196671988752e-8
RCS03,L,cortical,05-22-22,1.5969781456039922e-6,0.000012544323706084053,7.019896363930345e-6,1.6902038253386793e-6,1.317662866302735e-6,1.612524005539288e-6,7.052310186994639e-7,3.8179385690804435e-7,2.9546284833621086e-7,2.776658952582222e-7,2.4537486283289034e-7,1.708967150706183e-7,1.2536659500987582e-7,9.279855004687412e-8,7.535589377088089e-8,5.883932896654832e-8,5.0025052275326024e-8,4.0556246388264876e-8,3.9244704769327974e-8,3.12230285637932e-8,2.7350438778861328e-8
RCS03,L,cortical,05-23-22,1.5005206668056135e-6,0.000010209469640882768,6.896113502599367e-6,2.073518271305389e-6,1.8965409477142723e-6,2.2026219521576603e-6,1.01015750200106e-6,4.90527414627231e-7,3.665509405246505e-7,3.0767494510898677e-7,2.6047021300663315e-7,1.726856957249061e-7,1.3190766967379148e-7,1.0397218274795465e-7,7.722465223537385e-8,6.146234584254205e-8,5.230915950075188e-8,4.296290878612201e-8,4.391901525441427e-8,3.4774263676234185e-8,2.4903473759885658e-8
RCS03,L,cortical,05-25-22,1.8770052399144466e-6,0.000012833323744577318,7.78417555868117e-6,2.1286383248238864e-6,1.74728171578271e-6,2.363484869953406e-6,9.064980287976158e-7,4.4876368361911806e-7,3.484558939396496e-7,2.8014045488409527e-7,2.2601532498206727e-7,1.6195629257101402e-7,1.210233142921511e-7,9.936880071764228e-8,6.95905661943999e-8,5.291727635493801e-8,4.237705979338935e-8,3.960410374965008e-8,3.5501906886506475e-8,2.6829449787872962e-8,2.3328251927051008e-8
RCS03,L,cortical,05-26-22,1.1748296525048206e-6,7.99997871808182e-6,5.343164664112565e-6,1.9153210490862073e-6,2.214101622400628e-6,2.862218521740248e-6,1.1739097075051032e-6,4.226268529956784e-7,3.6966740415767937e-7,3.2328784984397104e-7,2.66429540710985e-7,2.0236793566876484e-7,1.266796115801114e-7,9.49450123876526e-8,7.836887272509629e-8,6.098059295591407e-8,5.2399346053994654e-8,4.307290069686851e-8,3.4965016919367577e-8,2.7755511404918413e-8,2.5508996900687977e-8
RCS03,L,cortical,05-27-22,1.6879037673117435e-6,0.000012600066925309593,8.416263109241544e-6,2.18476778674198e-6,1.5132895884507364e-6,1.7621343857802335e-6,8.668584801657729e-7,4.133236426554505e-7,3.174212717144507e-7,2.810624866009166e-7,2.4789918244039566e-7,1.674849226965754e-7,1.2330587927048265e-7,1.00061894170804e-7,7.812584480885139e-8,6.151997073737273e-8,5.178222121772154e-8,4.04181002204939e-8,3.7783861665043956e-8,2.988078414461223e-8,2.6869512410035605e-8
RCS03,L,cortical,05-28-22,1.551324482819682e-6,9.636815391296709e-6,5.778468450124645e-6,2.0658856349759532e-6,1.8873901062659146e-6,2.729673994338248e-6,1.2146986813305738e-6,4.876641030498837e-7,3.578371181697525e-7,3.1077925235748376e-7,2.787131833355063e-7,1.8842000719746507e-7,1.2673249648158855e-7,1.0105727309965607e-7,7.741788909759993e-8,5.67657264523387e-8,4.6479988880309695e-8,3.740032699480275e-8,3.87228193277166e-8,3.160188683167334e-8,2.5417190991916794e-8
RCS03,L,cortical,07-10-22,1.2113273942716337e-6,8.594570637662942e-6,6.158075160606785e-6,2.004898500861549e-6,2.0122582422619675e-6,2.6036634096153126e-6,1.107051012988613e-6,4.876491196619816e-7,3.4304585412711576e-7,3.192575829268239e-7,2.6096089807219474e-7,1.7131188010781102e-7,1.1278791000361718e-7,8.801682910177441e-8,6.622825657157954e-8,5.461521946610947e-8,4.556806738885644e-8,3.5333566025485333e-8,3.572819428567735e-8,2.5034063592645337e-8,2.271789512142515e-8
RCS03,R,cortical,05-18-22,3.5340007989850113e-6,0.00002658374725752912,0.000017410718444931667,3.167515540496138e-6,2.6537478299553687e-6,3.6089337509346756e-6,1.6301776338770653e-6,8.462067027702652e-7,6.38473446006411e-7,5.172195562792023e-7,4.032569736418351e-7,3.422082798875711e-7,2.64607802788013e-7,2.0302920309867852e-7,1.5804933079060755e-7,1.2143192440133674e-7,1.0126082555570388e-7,8.39194149804693e-8,6.901120292826866e-8,5.963969669426307e-8,5.1573687731771244e-8
RCS03,R,cortical,05-19-22,3.0709435463651664e-6,0.0000246071424469134,0.000015279988349041613,3.9011684669544365e-6,3.2741773969511253e-6,3.348780915671409e-6,1.542737431176898e-6,8.914347413021633e-7,6.742950975694267e-7,5.360215453458494e-7,4.2866059395675236e-7,3.201358612393107e-7,2.2672998082794204e-7,1.5735759872991912e-7,1.3267181246724451e-7,1.0853573251402388e-7,8.615576684840984e-8,7.399785365088192e-8,6.899572586182058e-8,5.2449501415344346e-8,4.8328171752855244e-8
RCS03,R,cortical,05-20-22,2.6698674033088766e-6,0.00001924034286713672,0.000012152101418981276,3.53307316572819e-6,2.703195664553848e-6,3.720663819952995e-6,1.8219706905937045e-6,8.976270131729146e-7,7.241377416746925e-7,6.107372773105476e-7,4.845302041578725e-7,3.883231225679399e-7,2.709803092119874e-7,2.0610669953796812e-7,1.7638860607497664e-7,1.4117106308820983e-7,1.082390326082117e-7,9.177394832234475e-8,8.498321404247767e-8,7.022698940004548e-8,5.6972616752298374e-8
RCS03,R,cortical,05-21-22,4.017421426563804e-6,0.000028617642301181782,0.000017910246748399233,3.5941665399154335e-6,2.9117923500185502e-6,3.7115124758856386e-6,1.737953140272053e-6,9.480812238135998e-7,7.07171409447699e-7,5.939009551285439e-7,4.960060639874279e-7,3.8356400168982457e-7,2.7891811823218286e-7,2.1992361941079732e-7,1.690318346749219e-7,1.4008137354123928e-7,1.1006736746162385e-7,8.821344656482993e-8,8.673669181403505e-8,7.06705882327925e-8,5.954793353016498e-8
RCS03,R,cortical,05-22-22,1.9335444186545546e-6,0.000014625591346199506,0.000011544007119441045,3.8530405665574165e-6,2.5752072669441442e-6,3.1609309026446384e-6,1.6361372770725944e-6,8.669578970178562e-7,6.179674789467814e-7,4.98469642223515e-7,3.970049586478103e-7,3.001618613850744e-7,2.1629579540120765e-7,1.7339789515309823e-7,1.4036208055472338e-7,1.1766636519059753e-7,9.944402943608143e-8,8.264528511941952e-8,7.375285792048452e-8,5.8093464758412143e-8,4.990632966637032e-8
RCS03,R,cortical,05-23-22,2.8100692695331427e-6,0.000018830029170150122,0.000013722380690839472,3.1819901361871994e-6,2.342912503842413e-6,3.2164984999935025e-6,1.7876626648101133e-6,9.187993787748609e-7,6.428501150229619e-7,5.846484702242242e-7,5.01808073925244e-7,3.6148471880769874e-7,2.471171227937062e-7,1.936649880366453e-7,1.5242450577749614e-7,1.2773033009065955e-7,1.0958492102402517e-7,9.562351008444222e-8,8.402468474824241e-8,6.751373756064537e-8,5.568886811761391e-8
RCS03,R,cortical,05-25-22,1.792035923346702e-6,0.000013179536009315565,9.278344260419627e-6,2.888725673738761e-6,2.830348695574409e-6,3.8483398762093555e-6,1.5989887861970093e-6,7.867689115176516e-7,6.659713224889651e-7,6.010446659762825e-7,4.4509806184272943e-7,3.250483269531364e-7,2.189006404896635e-7,1.7422858103738918e-7,1.5246770680115315e-7,1.217822771781667e-7,9.440016186366634e-8,8.752414639457755e-8,7.981201125588748e-8,5.8320082900608855e-8,4.5805412687852287e-8
RCS03,R,cortical,05-26-22,1.7645683309796498e-6,0.000012583895898461702,9.274607312617433e-6,3.3872157629642955e-6,3.6135510761910644e-6,4.550160101916249e-6,1.8161439669447192e-6,8.896553951841357e-7,6.910835862412569e-7,6.099175644464649e-7,4.772172612509902e-7,3.4200764681857064e-7,2.4463003914900905e-7,1.9624456329579126e-7,1.6418587723964676e-7,1.2521377223758217e-7,9.17386585165561e-8,8.518161688401047e-8,8.428950109276893e-8,6.357444106973176e-8,5.510635020460658e-8
RCS03,R,cortical,05-27-22,2.1605447301426172e-6,0.00001472862464400895,0.00001069918434705129,3.8762219375001515e-6,3.3060214452142836e-6,3.7899854251004713e-6,1.9221232233614826e-6,1.062354145512179e-6,8.051222528292015e-7,7.115230480924958e-7,5.545692542550188e-7,3.6763008541718253e-7,2.687821543622116e-7,2.1788849046131678e-7,1.6657677719494255e-7,1.3223230542474023e-7,1.1332770703261092e-7,9.300907572731535e-8,8.166543888870465e-8,6.436699850507929e-8,5.474183556222423e-8
RCS03,R,cortical,05-28-22,2.081954243246626e-6,0.00001570272935033719,0.000011998414146301533,3.5151326639194395e-6,3.311662182602203e-6,4.073761088556304e-6,1.727545398836138e-6,8.702285247038709e-7,7.055595470155377e-7,5.574227132306672e-7,4.516358465700679e-7,3.2435936655659594e-7,2.3891819145469806e-7,1.762016725730759e-7,1.3975376423795933e-7,1.1863950805167904e-7,9.057710568301858e-8,8.402700342930868e-8,8.521415953338265e-8,6.754453317637742e-8,5.297632187265869e-8
RCS03,R,cortical,07-10-22,2.237238167511327e-6,0.000015125477940750417,8.941768068271608e-6,2.5615939014731496e-6,2.1684535018014624e-6,2.81388968186757e-6,1.5450434202950571e-6,8.453600199249494e-7,7.095207854484046e-7,5.685187054642701e-7,4.776965548068736e-7,3.4856891905200724e-7,2.572358428294902e-7,2.0460934330465107e-7,1.6242376248783643e-7,1.392164792288069e-7,1.2317513359944466e-7,1.0096182702481143e-7,9.259684426051426e-8,7.14425430468674e-8,6.397265983220698e-8
RCS07,L,cortical,05-12-22,4.753106146510089e-6,0.000026803012770008582,0.000016775732774937714,0.000012525195378519938,0.000028400835688985913,0.00004533111811403884,0.000018734533805292975,4.004269080437175e-6,2.7471449965769646e-6,2.0604154898836993e-6,1.5962121358480845e-6,1.1121640389229223e-6,8.469899403090533e-7,8.063941295329441e-7,6.041587965917965e-7,3.9354109538440194e-7,2.9251024950051253e-7,2.3822473972053883e-7,2.0067349148663006e-7,1.8355369462755353e-7,1.5404055848691377e-7
RCS07,L,cortical,05-13-22,4.951571267355135e-6,0.000029286123914787028,0.00002048179001533584,0.000023210194333109866,0.00005103761079551657,0.0000521898123788377,0.000015814077979959714,4.257696963853225e-6,2.8688162148536357e-6,2.1827810904342622e-6,1.5688377075395888e-6,1.0813957846306875e-6,8.103101562045317e-7,5.972100338242959e-7,4.4348230880695903e-7,3.2980143817269845e-7,2.6643609792147203e-7,2.23993192368597e-7,1.6959207819373522e-7,1.3320025090055151e-7,1.136071569419113e-7
RCS07,L,cortical,05-20-22,4.2721814675504394e-6,0.00002427228469692376,0.000015394036448504163,9.251941840403023e-6,0.00002911596169727842,0.00004881697483111335,0.000020462273460698257,3.83657224279707e-6,2.6101020925977937e-6,2.0350953720290362e-6,1.7948458875052595e-6,1.3052175519966612e-6,9.984814243789312e-7,8.660220495975512e-7,7.317528477192835e-7,4.663128432574525e-7,3.258245880571876e-7,2.7835071315469473e-7,2.4866488018385064e-7,1.9740714627321616e-7,1.7452879365832034e-7
RCS07,L,cortical,05-24-22,4.429175899226355e-6,0.0000257536142916192,0.000018918892779185524,0.000023735460008389706,0.000054251385983386664,0.000058085618873163433,0.000015783084930360536,5.0573645679697316e-6,2.8239278732161543e-6,1.9052342979156039e-6,1.4274432828452378e-6,9.157497274005212e-7,6.672891608361384e-7,5.53655927731727e-7,4.2232874253186823e-7,2.999366321155384e-7,2.2540143136705002e-7,1.811117934942377e-7,1.6462740108772612e-7,1.3125043847706964e-7,1.1312822068040385e-7
RCS07,L,cortical,05-25-22,4.2162794551015485e-6,0.000024490691665874715,0.000018620896176599663,0.000012409133266980992,0.000022667022739385155,0.000034044505776139186,0.0000148582905030231,3.843357589468616e-6,2.2347861541397775e-6,1.6072577778356345e-6,1.4414608246555807e-6,1.0468005412642737e-6,7.13625755398864e-7,5.203177760971711e-7,3.889473409429591e-7,2.945287018321276e-7,2.3704596826372305e-7,2.1267984530944159e-7,1.7591704930168592e-7,1.3377480704823845e-7,1.1238888797840503e-7
RCS07,L,cortical,06-09-22,3.6926948313083533e-6,0.000022265491374532698,0.000017223994931360342,0.00002200900673070916,0.000051133019962410976,0.00005385307107405862,0.00001599882581049815,4.8982481114173015e-6,2.935958979499878e-6,1.8021531809626846e-6,1.3219777421934561e-6,8.192922659222541e-7,6.386888515959069e-7,5.149035933959924e-7,3.7269805532328975e-7,2.597651546715617e-7,2.1307115401018892e-7,1.7447508608225211e-7,1.381190272691639e-7,1.1093254231159134e-7,1.075015463546297e-7
RCS07,L,cortical,06-30-22,4.0957694420483e-6,0.000023975503013059167,0.00001915190815219919,0.000020848049471304573,0.000045004521679518084,0.00005326402673764303,0.000016622567947371934,3.9347521901263015e-6,2.641684121986931e-6,1.8300147131632368e-6,1.6447321915950217e-6,1.0956245251168783e-6,8.11576225745798e-7,6.019524646568734e-7,4.392463704489848e-7,3.585159615714422e-7,2.652917712432231e-7,2.2228609481260853e-7,1.8596005179703045e-7,1.446065465293478e-7,1.1211591127283069e-7
RCS07,R,cortical,05-12-22,1.7760515707118417e-6,0.00001036371981676238,6.48213498494341e-6,5.55289428380964e-6,0.000011183421663506391,0.000010226215062601501,3.0988565545205316e-6,1.4973277299106383e-6,9.503869921019231e-7,7.419259347112406e-7,5.812216042671864e-7,4.049741005654447e-7,2.995721909019739e-7,2.434741299276036e-7,1.766536281022657e-7,1.284219787617226e-7,1.0093579927852502e-7,8.629335552415753e-8,7.159986334814825e-8,6.21488948380553e-8,4.867077569995142e-8
RCS07,R,cortical,05-13-22,2.1694865200962407e-6,0.000012542151871301172,8.142134059996307e-6,5.473912091848319e-6,0.000014631910110625498,0.000014630203249586338,3.828411641135497e-6,1.7800763086444188e-6,9.735973120752344e-7,7.746532147481093e-7,6.272873171923193e-7,4.1572388878741113e-7,2.8033886743790677e-7,2.2158676626452297e-7,1.7018295174713104e-7,1.1613721679782415e-7,9.870956996973484e-8,8.578328863083129e-8,7.476820430782377e-8,5.300373606044991e-8,4.539073073490909e-8
RCS07,R,cortical,05-20-22,2.4839394259193427e-6,0.00001520314356540975,0.000010029076963739859,6.80334475062107e-6,0.000014056818504762778,0.000012092936845351013,3.3711544098821206e-6,1.7490752602229644e-6,8.862263037505193e-7,6.464502199011268e-7,5.009546730488553e-7,2.9700576351371253e-7,2.2629642800709795e-7,1.760243475332667e-7,1.462820974637901e-7,9.971495192573778e-8,8.296912368920026e-8,6.99784304863423e-8,5.780228324337781e-8,4.6480076456699156e-8,3.960871706377934e-8
RCS07,R,cortical,05-24-22,2.1597864252390385e-6,0.000010932414195068697,7.773846642245062e-6,6.485624261077593e-6,0.000014724808243627594,0.000011809993260157753,2.832221931379956e-6,1.5470274930859453e-6,8.418719029022284e-7,6.833485039156233e-7,4.875535500742631e-7,3.251201373970529e-7,2.2380968572616805e-7,1.9148919872358518e-7,1.4385939772140004e-7,1.0996754810169742e-7,8.720439515857409e-8,6.708076165551985e-8,5.804908942137983e-8,4.402595655160368e-8,4.038922190358297e-8
RCS07,R,cortical,05-25-22,1.4878033462481013e-6,8.836034268540196e-6,5.661650370286871e-6,3.7169790069286437e-6,8.877314984740966e-6,9.095157033007776e-6,3.757418049606225e-6,1.5343878885041241e-6,8.084884402953635e-7,6.328095382680391e-7,5.265584473897385e-7,3.5279437159362546e-7,2.53441733141489e-7,2.2608209974218132e-7,1.5447155993807745e-7,1.1803101885483926e-7,1.0073315637340636e-7,8.183148171205999e-8,6.821699705313052e-8,5.2094029017065665e-8,4.6300483770588035e-8
RCS07,R,cortical,06-09-22,1.98005695035714e-6,0.000011783251890654423,8.952282446861338e-6,8.398400310938908e-6,0.000018172755836003447,0.000014117561666493797,3.600941920593776e-6,1.7041007030483836e-6,1.0109912306664371e-6,7.274090058326849e-7,5.277213607717347e-7,3.3497689138167913e-7,2.2745567703698523e-7,1.8121372012946784e-7,1.189579578191068e-7,9.767588124483556e-8,7.844032670113155e-8,6.676867405345855e-8,5.344199779298564e-8,3.966092304946118e-8,3.5855941377421653e-8
RCS07,R,cortical,06-30-22,1.2428823658287481e-6,7.466908655541717e-6,5.550957320076378e-6,3.988679347563589e-6,8.132687516016294e-6,0.000010472355156140976,4.565333086300536e-6,2.0039813666371477e-6,9.831645062613787e-7,7.690181786311665e-7,6.142251370537781e-7,3.872774594870326e-7,2.923443504136564e-7,2.8454506834756943e-7,2.0814447477522206e-7,1.5109895198958224e-7,1.2370434349873208e-7,9.262334579130477e-8,7.315304179670328e-8,6.574355662771462e-8,6.28881394636956e-8
RCS09,L,cortical,06-10-22,2.791952392631753e-6,0.00001810281089155585,0.000011093645904740055,7.015601598773847e-6,0.000015437091802606703,0.000017674564407319757,5.052152790771866e-6,2.3341638271480336e-6,1.7719124435914834e-6,1.6907617421708026e-6,1.2021045923966622e-6,7.763267904712515e-7,5.478885046498971e-7,4.109268949349231e-7,3.1655649595865147e-7,2.464674564825779e-7,1.9647267077446582e-7,1.7690141784420982e-7,1.6453806292422423e-7,1.3388459428276993e-7,1.218256532813486e-7
RCS09,L,cortical,07-23-22,2.2117490985614473e-6,0.000016229698697544245,7.839513792408793e-6,6.76529002119444e-6,0.000021134346814453395,0.00001829993556056155,3.83248684193944e-6,1.764627702323156e-6,1.7147505775412162e-6,1.6046807761397657e-6,1.0642744960448099e-6,6.42802874314919e-7,4.417930840148106e-7,3.720234528879299e-7,3.283852994936838e-7,2.7411728316696874e-7,2.2879515917866633e-7,1.846632002393894e-7,1.8157728565352463e-7,1.3237671029685056e-7,1.011342299927953e-7
RCS09,L,cortical,07-24-22,1.6836507914730331e-6,0.00001262075358577358,9.341163722557405e-6,0.000010879711504094185,0.000028778972054182245,0.00002139924819614824,4.8173179416272315e-6,2.771731864865467e-6,2.5255305083842594e-6,2.0407192151320335e-6,1.1411188099040045e-6,7.142205188822752e-7,5.062275479958748e-7,3.876688240272751e-7,3.235967086239892e-7,2.595255633031764e-7,2.272825787550832e-7,2.0663143724537564e-7,1.9865123119008792e-7,1.4185746072024207e-7,1.1135734869056074e-7
RCS09,L,cortical,07-25-22,2.4096549668804775e-6,0.00001677878943732323,0.000011194578853616695,0.000012535622620362056,0.00003066018861421696,0.00002318512663767223,5.3879312562167985e-6,3.1345701476113992e-6,2.769510589852992e-6,2.518172072653464e-6,1.3987474097403665e-6,8.397132659431281e-7,5.758718668044335e-7,4.148261493516787e-7,3.2770156020029444e-7,2.795336798529239e-7,2.3699653346246793e-7,2.1914200318261536e-7,2.3615444259488283e-7,2.0313352768653593e-7,1.4167255350628424e-7
RCS09,L,cortical,07-26-22,2.0091072312539223e-6,0.00001537655344162633,9.776010373392933e-6,8.848958761716788e-6,0.00002967776362134163,0.00002520892406995455,4.798065695416587e-6,2.2209071079705298e-6,2.098685171615737e-6,2.2341438035832695e-6,1.240129863942308e-6,6.620687014262559e-7,4.7636361858747485e-7,3.5646795108696524e-7,3.2561127844823527e-7,2.957457048290915e-7,2.5017098469132033e-7,2.5100592382044993e-7,2.2555097155175348e-7,1.548617643932388e-7,1.3073202415160314e-7
RCS09,L,cortical,11-04-22,2.1970854328270694e-6,0.000014884861467678947,9.561613196755937e-6,8.591474463800974e-6,0.00002457634025024901,0.000024330187910126254,6.811567815202036e-6,3.205704791865335e-6,2.3181296532683775e-6,2.138769370314561e-6,1.4976739380956056e-6,8.554020977347185e-7,5.574787839728157e-7,3.9859795407998466e-7,3.365879619136209e-7,3.247474718886448e-7,2.5995590644553957e-7,2.475108202486639e-7,2.5453487766821836e-7,2.125129097904989e-7,1.7700669546963805e-7
RCS09,L,cortical,11-06-22,2.3566114624862997e-6,0.00001589407051996465,0.000012232443880667656,0.000013538828814778104,0.00003887043094553341,0.000027354766443335193,4.949761853899369e-6,2.9429620191797955e-6,2.811614461090648e-6,2.725060878079747e-6,1.5628812116820085e-6,8.0603925874329e-7,4.6914929708129063e-7,3.3193807726405326e-7,2.561879317121755e-7,2.1411175246288866e-7,1.8248079587192217e-7,1.575440483134076e-7,1.333942728256337e-7,1.0164483495680887e-7,8.646483517582162e-8
RCS09,L,cortical,11-19-22,3.9075943566032475e-6,0.000027401447725640946,0.000011942729164748794,3.6655570228392155e-6,2.889592976025508e-6,4.133456456209105e-6,2.2948894351197003e-6,1.1702282968843483e-6,8.809996383595946e-7,7.59683521170032e-7,6.032736608760205e-7,4.70602406184588e-7,3.488141308233558e-7,2.791256533134498e-7,2.2992624516873305e-7,1.8977489393476317e-7,1.615275390359304e-7,1.3498493363242183e-7,1.348442732702097e-7,1.0656360864199023e-7,9.454581887230402e-8
RCS09,L,cortical,12-10-22,2.1986551758708294e-6,0.000014139488933795856,0.000010469629974768887,0.000011209170153117464,0.000026600795049155816,0.00001829652061565126,4.787606012896236e-6,2.7752111737644747e-6,2.337152691571081e-6,2.012376217932805e-6,1.1582957631353586e-6,7.736760052163277e-7,5.381863947946745e-7,4.049136979980984e-7,2.7232556888084377e-7,1.9954872706012957e-7,1.4805916188020942e-7,1.1812776637889769e-7,1.1120349254639363e-7,8.572540417783509e-8,6.320146872641206e-8
RCS09,R,cortical,06-10-22,1.4769409257067593e-6,9.187716566115233e-6,7.763937558705835e-6,0.000012704207642058513,0.00004929095315031228,0.000043330315680395954,5.919194324594938e-6,2.502967211591258e-6,2.9601687265472526e-6,4.186961285672082e-6,2.063275341207819e-6,6.175798647570163e-7,3.673468446455737e-7,2.713562254479952e-7,1.8688271143506273e-7,1.3891748371633643e-7,1.202647878614007e-7,1.0058703494038687e-7,7.893809864798227e-8,6.073993637811001e-8,5.164475329357989e-8
RCS09,R,cortical,07-23-22,1.213760116154031e-6,7.385148605426079e-6,5.8798246085116e-6,7.736343321385273e-6,0.000023042526790923262,0.000022466317803589805,5.001832575996856e-6,2.232907559395983e-6,2.097427753262655e-6,2.355894683443406e-6,1.1916736828212908e-6,5.272839610659155e-7,3.62308450557005e-7,2.651359851337685e-7,1.995941060508458e-7,1.6987047184979482e-7,1.3287212181903122e-7,1.1842610130128965e-7,1.0926425354465421e-7,1.0350386119558227e-7,1.0080141871580829e-7
RCS09,R,cortical,07-24-22,1.4475101097629965e-6,9.274681686305671e-6,0.000011456194127711326,0.000019922257839953937,0.00003880770204431424,0.00002470786792300831,5.223410565035564e-6,3.156668017241885e-6,2.879100195745131e-6,2.2750588441229085e-6,1.0928098416876277e-6,5.260642858410646e-7,3.182621552791595e-7,2.1248437892579574e-7,1.6298476985569948e-7,1.2309164702300202e-7,1.0051989707917345e-7,8.541880853275766e-8,7.055622416750035e-8,5.4262893084669165e-8,4.558843177021353e-8
RCS09,R,cortical,07-25-22,1.1112189541569205e-6,7.35564754239105e-6,7.5801438408112325e-6,8.91129151364571e-6,0.000022681109163384653,0.000018588212540744846,4.629063316234063e-6,2.527180215112187e-6,2.318869368218116e-6,2.278576757274491e-6,1.0561658975023945e-6,5.015212149333671e-7,3.254401704364406e-7,2.5740243762012903e-7,1.908278822443435e-7,1.551022488678499e-7,1.2684715230492714e-7,1.1503231764019021e-7,1.1229737164586559e-7,9.130183738060842e-8,7.24991742136722e-8
RCS09,R,cortical,07-26-22,1.1221750718668568e-6,6.997308136915931e-6,5.083073182051372e-6,5.11324156748007e-6,0.000013570414522657423,0.00001643618153378058,4.3261595170880175e-6,1.6356498506267263e-6,1.5927682871506942e-6,1.6122135526181384e-6,1.0313689451652922e-6,5.124991495701425e-7,3.372301398291121e-7,2.548391578252615e-7,2.208226893005978e-7,1.8579373037785912e-7,1.3967697604947446e-7,1.2099729476706307e-7,1.0948611273040492e-7,9.055973895541038e-8,8.07094742149465e-8
RCS09,R,cortical,11-04-22,1.8862512913504756e-6,0.000011153385000091562,7.753907218591653e-6,0.000010952028665406603,0.00003253242980831598,0.00002659909007615617,4.778366577499608e-6,2.4206228547080817e-6,2.3302421985835453e-6,2.476948270821346e-6,1.2055199850888325e-6,4.936176556250907e-7,3.3908942586155483e-7,2.535473673418835e-7,1.7016446123621302e-7,1.2997749206291553e-7,1.0819296980716615e-7,8.284462973434165e-8,7.418118370555552e-8,5.973951450575415e-8,4.806022877255579e-8
RCS09,R,cortical,11-05-22,1.2820527763323766e-6,8.111542449142214e-6,6.72010388410311e-6,9.591499182641429e-6,0.00001964251869208495,0.00001732608497085079,4.227074207012681e-6,1.940680203680162e-6,1.850532939970305e-6,1.9058708247778143e-6,1.0050984879790486e-6,4.6970300071734506e-7,2.9722360737809043e-7,2.1132135126708592e-7,1.8818107737139893e-7,1.4738498873108385e-7,1.0551691279636692e-7,8.61599380380898e-8,8.437111814092414e-8,6.323385992423864e-8,5.7622221976039e-8
RCS09,R,cortical,11-06-22,1.1943859199507797e-6,7.649738565116602e-6,7.326274261427405e-6,9.086466427215592e-6,0.000019323054244202186,0.00001576844357615731,3.5994294885077124e-6,1.9432842843550286e-6,1.8644498797513588e-6,1.8117643182792256e-6,8.765768277746017e-7,4.191744539208118e-7,2.7204249781851276e-7,1.9016577881027476e-7,1.5525073828770792e-7,1.2080443980519643e-7,9.866643340385132e-8,8.011838783749473e-8,7.007426988064092e-8,5.4449783065085557e-8,4.876731405484857e-8
RCS09,R,cortical,11-19-22,1.7900853997568304e-6,0.00001222076457455669,6.701567520321839e-6,2.4431648731638557e-6,3.1803518072090573e-6,5.587886302400632e-6,2.4977894826269837e-6,8.649700894239576e-7,7.078683696957387e-7,6.382692195029808e-7,5.595386398628306e-7,3.9787745214433424e-7,2.2572738631221353e-7,1.7461960752766877e-7,1.4786746292563852e-7,1.1155153348298158e-7,9.268067870825707e-8,7.546793980394077e-8,7.737958435511452e-8,6.233294031156499e-8,5.7325107408635637e-8
RCS09,R,cortical,12-10-22,7.955859876611952e-7,6.951688448950287e-6,7.450198422173371e-6,5.544305762492281e-6,0.000012952583287335172,0.000012611657815840209,3.6908769979914173e-6,1.7812803149348577e-6,1.6471153325047059e-6,1.2670680774205703e-6,7.85583862753536e-7,4.1055956336134817e-7,2.7568004815390213e-7,2.25770207505065e-7,2.009879985420535e-7,1.5406615943015784e-7,1.2652176355764063e-7,1.100337235776759e-7,1.056100732322163e-7,9.419291526594273e-8,6.939211161441794e-8
RCS16,L,cortical,04-30-22,1.2618957711971016e-6,8.159399127919265e-6,4.330470722521066e-6,2.153765111680397e-6,2.1713440656630578e-6,1.9502143703505863e-6,1.3115918587222135e-6,8.102811741631049e-7,6.636539229045371e-7,6.969089200833236e-7,6.654732000642576e-7,5.787106885598035e-7,4.5324735424332646e-7,2.9019161051605487e-7,1.8649550231691446e-7,1.2345384747779304e-7,9.275040004017414e-8,7.01875073368922e-8,7.04255535031918e-8,4.801790893827563e-8,4.23588838358503e-8
RCS16,L,cortical,05-01-22,1.097078686989393e-6,7.527544238459701e-6,4.689632186391035e-6,2.6403072789603836e-6,2.4489647624740823e-6,2.0694175207290227e-6,1.260049597602098e-6,7.910466255875226e-7,6.293488779323648e-7,6.229303413501647e-7,6.115456805549491e-7,5.054687216892702e-7,3.587482678510141e-7,2.334605563344543e-7,1.5772909132864524e-7,1.1641947327633232e-7,8.766324643158603e-8,7.247883335485772e-8,6.460062661454655e-8,4.895618969897601e-8,3.9722706589806786e-8
RCS16,L,cortical,05-07-22,8.362972108695447e-7,5.897789347635233e-6,4.637932829913126e-6,4.413729797356944e-6,3.5379621464551184e-6,2.428301174916133e-6,1.4951700934217408e-6,8.313010272009271e-7,6.339349313142172e-7,6.106310882158679e-7,5.230058926331117e-7,3.9192846212455616e-7,2.508841913343747e-7,1.576195970954912e-7,1.1129138049504695e-7,7.972387915807607e-8,6.310911552432302e-8,4.931833719806035e-8,4.7023146351242954e-8,3.2928972188751413e-8,2.8045225523756993e-8
RCS16,L,cortical,05-08-22,9.37904973277282e-7,6.751203873180311e-6,4.316709707836764e-6,2.5693222542235195e-6,2.4332590274886823e-6,2.0895047385209906e-6,1.3135038008524978e-6,8.157696535094365e-7,6.793345691809882e-7,7.103858397293676e-7,6.062937680641765e-7,5.060849095963117e-7,3.615300685529429e-7,2.2916888403844784e-7,1.6162832320323664e-7,1.0913172208384829e-7,8.271603242173223e-8,7.454687829929729e-8,6.982856500964645e-8,4.519432980878178e-8,3.8409302342079795e-8
RCS16,L,cortical,05-09-22,7.606473893335569e-7,5.12879044953788e-6,3.655954233269384e-6,3.442355916746134e-6,2.9457849345553e-6,2.0354021257519328e-6,1.3726173842900389e-6,8.267299626057704e-7,6.314947797770944e-7,5.708115603208559e-7,5.103750170092434e-7,3.6618271494207154e-7,2.0886305022581735e-7,1.3375572805616915e-7,8.278332929706673e-8,6.588337553314723e-8,5.2742718661134554e-8,4.29561172559907e-8,4.763407577084164e-8,3.1205761653787993e-8,2.408780561075524e-8
RCS16,L,cortical,05-10-22,1.0120869869172761e-6,6.874407140343962e-6,4.035048074114106e-6,2.1142577313747285e-6,1.985044534756631e-6,1.7260875828003501e-6,1.1046199314479605e-6,7.67313999973384e-7,6.478633321451387e-7,6.15013771503764e-7,5.853979858863281e-7,5.249234202543084e-7,3.815582542285989e-7,2.297774370986551e-7,1.4371879157301183e-7,1.0402423339744548e-7,7.4448587369975e-8,6.305276546398782e-8,6.183658055680756e-8,4.661383186776277e-8,3.7348566562258405e-8
RCS16,L,cortical,05-11-22,1.0740020521506628e-6,7.3213520291529626e-6,4.792252500283456e-6,3.4119786725732438e-6,3.3509954216873787e-6,2.7248960871559217e-6,1.5481668450150124e-6,1.0035910642401614e-6,7.743789825461723e-7,7.514185970383021e-7,6.893807498502374e-7,5.404874864419972e-7,4.11564920963265e-7,2.734719429970323e-7,1.6963712281568515e-7,1.1462642015909736e-7,8.23711579503527e-8,6.76379686784408e-8,6.322746849134943e-8,4.7129720537522095e-8,3.7670657052428335e-8
RCS16,L,cortical,05-12-22,1.2494211959589656e-6,8.354321008369895e-6,4.492985829446079e-6,2.1743661719310473e-6,1.91228725782387e-6,1.6111211949515118e-6,1.1785893462436837e-6,7.779329076427943e-7,6.655979673388831e-7,6.755113017469285e-7,6.498250697034372e-7,4.660167798284296e-7,3.402981216611789e-7,2.0328524919031715e-7,1.1885129410752038e-7,8.98181618465423e-8,7.08381795204499e-8,5.392467922427611e-8,5.471211893496196e-8,3.778872570370909e-8,2.8911658755140663e-8
RCS16,L,cortical,05-14-22,1.1469109780379274e-6,7.833128407624178e-6,4.409179505889511e-6,2.8054253764444577e-6,2.296064511597699e-6,2.1689186719443365e-6,1.335879994109733e-6,7.64708599120903e-7,5.6927756327852e-7,6.200519292334756e-7,5.455412857430516e-7,4.444464337865617e-7,3.109503122035695e-7,2.189553079769521e-7,1.4676484723271916e-7,9.911330281268652e-8,7.909467602348409e-8,6.618619013795146e-8,6.29576325640132e-8,4.1481155735633205e-8,3.481103166427285e-8
RCS16,L,cortical,05-15-22,1.069325090837947e-6,6.841113431609849e-6,4.443261912972388e-6,2.444823884673897e-6,2.01435365828524e-6,1.7828382959984232e-6,1.3042262698872097e-6,8.58585563357301e-7,6.984089574426622e-7,6.240571772518679e-7,5.84548339021392e-7,4.6919382219115234e-7,3.673496289869833e-7,2.3789417605723934e-7,1.6182122724014528e-7,1.1458571330913689e-7,8.528123921680801e-8,6.481910003092874e-8,6.173330428437751e-8,4.643304156454542e-8,4.1090066285193294e-8
RCS16,L,cortical,05-16-22,9.131529473861616e-7,7.309147840249937e-6,3.371603380004691e-6,1.8635666976728512e-6,1.6549707256546123e-6,1.6094194509632059e-6,1.1385898184879504e-6,7.920563476876624e-7,7.025931376676863e-7,6.784701633357577e-7,5.764050371113867e-7,4.305496548267808e-7,3.197911033684995e-7,2.2568473367324625e-7,1.415874529544704e-7,9.600824973370532e-8,6.687134199654805e-8,5.6176677864109496e-8,6.155211220778404e-8,4.557086737271194e-8,3.519562202324252e-8
RCS16,R,cortical,04-30-22,5.057227080961069e-7,3.882671239396745e-6,2.067913939467234e-6,1.2636664498784107e-6,9.193405508197681e-7,7.162690091901899e-7,5.396187598739216e-7,4.291770271214374e-7,3.6878587165091265e-7,3.618956895220232e-7,3.652177896019617e-7,3.4139407227525613e-7,2.993560940144135e-7,2.4296795826156427e-7,1.8805777331405353e-7,1.3315005555615192e-7,9.186651331869744e-8,7.414730216496053e-8,6.01926482824369e-8,4.994507343811435e-8,3.997487348471145e-8
RCS16,R,cortical,05-01-22,7.91047934908403e-7,5.7310744028092165e-6,2.5247836447099524e-6,1.179126931440224e-6,9.404498490797845e-7,6.602752588314665e-7,4.81796597770987e-7,3.9398074494039714e-7,3.089076403636163e-7,3.109772703860736e-7,2.9046940473280525e-7,2.504527782502676e-7,2.0881918495209147e-7,1.679596192922538e-7,1.301731360754254e-7,1.0120383608345212e-7,7.967688241816951e-8,5.699137560824513e-8,5.1344726493436164e-8,4.018621305422847e-8,3.307563679486777e-8
RCS16,R,cortical,05-07-22,3.838768386641435e-7,3.0050403532827305e-6,1.7421104641285854e-6,1.2546522742082487e-6,1.0968421637973026e-6,8.395536404256331e-7,5.470923594226371e-7,3.9632350649498726e-7,3.337868947269298e-7,3.18864953316236e-7,2.6763611710998805e-7,2.1328861898495137e-7,1.7774134713522467e-7,1.299515094724561e-7,9.629641994437525e-8,7.85559662034389e-8,6.176107350739874e-8,4.8093578969628345e-8,4.2466498156154704e-8,3.4147130270905895e-8,2.6472866083873386e-8
RCS16,R,cortical,05-08-22,4.924573065969979e-7,3.486445187901167e-6,1.8267557275503506e-6,1.1272492672774006e-6,9.17183563326633e-7,6.853474613923426e-7,5.341410861931261e-7,4.1081270181322724e-7,3.562032956253122e-7,3.3566433553920236e-7,3.3407737073031787e-7,2.978477443638341e-7,2.487414605919827e-7,2.1440953310017713e-7,1.705520354438656e-7,1.252915812515011e-7,8.809663118224686e-8,6.877894751521408e-8,6.256055748336494e-8,4.827063440843834e-8,3.738273922696659e-8
RCS16,R,cortical,05-09-22,4.3418892014007797e-7,3.012635344281966e-6,1.723075864496818e-6,1.0498102696537739e-6,9.122756524886896e-7,8.081906063202933e-7,5.973100724823644e-7,4.3588634900797e-7,3.8825474302616215e-7,3.806765980582546e-7,3.2855827156531815e-7,2.817705691060307e-7,2.2477192383587565e-7,1.837810573304665e-7,1.335027201510542e-7,1.0825647272623345e-7,7.86085546358496e-8,6.008937318336224e-8,5.416488718808287e-8,3.7009429275909765e-8,3.089741621122695e-8
RCS16,R,cortical,05-10-22,5.717843316138522e-7,3.934029370781961e-6,2.155958689216622e-6,1.2204105566016273e-6,9.265869137937086e-7,7.4708792135701e-7,5.954246153523767e-7,4.4494286706783885e-7,3.95712548708724e-7,3.905818591734247e-7,3.976084983864929e-7,3.734998661463379e-7,2.8319811959034067e-7,2.1768943381701444e-7,1.6473170804039163e-7,1.172768938419312e-7,8.918666766036604e-8,6.980534526954111e-8,5.528766883736377e-8,4.3397378594857034e-8,3.992843420343343e-8
RCS16,R,cortical,05-11-22,5.011637631072688e-7,3.6965526032345964e-6,1.987386613170989e-6,1.0382337116073176e-6,9.019572187198328e-7,7.460430210204592e-7,5.62247478711682e-7,4.33482907194204e-7,3.771307138662334e-7,3.6788257692750924e-7,3.5875101571304513e-7,3.310697407527205e-7,2.690029650210928e-7,1.921219583998862e-7,1.470018293397497e-7,1.1130821805822681e-7,8.779452678744732e-8,7.103988872824768e-8,6.092004161955597e-8,4.5866522732123905e-8,3.762583700781554e-8
RCS16,R,cortical,05-12-22,5.541316735004507e-7,4.040900077839003e-6,2.287931217110431e-6,1.2206957964234079e-6,1.0270414196160105e-6,8.003872323911821e-7,5.377870390361243e-7,4.7279203780835813e-7,4.063060788295572e-7,3.760826697577221e-7,3.4632111261113057e-7,3.063975480421549e-7,2.4640406611664206e-7,1.8769768925720576e-7,1.4260375592068e-7,9.763349582942878e-8,7.997880451412446e-8,6.548361400680317e-8,5.965663063604553e-8,4.228596011564071e-8,3.495242798083848e-8
RCS16,R,cortical,05-14-22,5.496423941001918e-7,3.540424013157895e-6,1.9774457660855936e-6,1.2316849989298203e-6,1.1050987620105627e-6,8.126858477630428e-7,5.375082604492807e-7,3.994525431118169e-7,3.560235816484235e-7,3.086785140311691e-7,2.949326710325561e-7,2.442864655493544e-7,1.8278024686979091e-7,1.4449378015096892e-7,1.0944689740540756e-7,8.584298871029613e-8,6.555119756387711e-8,5.338140025613979e-8,4.57194019914471e-8,3.4687948242307283e-8,3.050489997959563e-8
RCS16,R,cortical,05-15-22,5.197971407025473e-7,3.805567774625734e-6,2.0384431076445138e-6,1.1320906008504894e-6,9.665782391540227e-7,7.754618043326011e-7,5.640801512534768e-7,4.135183421033611e-7,3.753818347848728e-7,3.439493094825267e-7,3.393698383142799e-7,3.0826908389169477e-7,2.4588316382574607e-7,1.7161632394185858e-7,1.3189277110784293e-7,1.0692706352675796e-7,8.227639999387158e-8,6.471577894132992e-8,5.49302937288883e-8,3.9944512074601204e-8,3.60178061269983e-8
